<?xml version="1.0" encoding="UTF-8" standalone="yes"?>
<payment_gateways>
<payment_gateway>
    <name>CyberSource</name>
    <type>paymentGatewayCybersource</type>
    <properties>
        <property key="logMaximumSize">10</property>
        <property key="logDirectory">WEB-INF/log</property>
        <property key="merchantID">YOUR_MERCHANTID</property>
        <property key="targetAPIVersion">1.24</property>
        <property key="enableLog">false</property>
        <property key="sendToProduction">false</property>
        <property key="keysDirectory">conf//resources//payment//cybersource</property>
    </properties>
</payment_gateway>

<payment_gateway>
    <name>DemoPaymentProcessor</name>
    <type>paymentGatewayNull</type>
    <properties/>
</payment_gateway>

<payment_gateway>
    <name>DemoTokenPaymentProcessor</name>
    <type>paymentGatewayPluginTestDouble</type>
    <properties/>
</payment_gateway>

<payment_gateway>
    <name>Exchange</name>
    <type>paymentGatewayExchange</type>
    <properties/>
</payment_gateway>

<payment_gateway>
    <name>GiftCertificate</name>
    <type>paymentGatewayGiftCertificate</type>
    <properties/>
</payment_gateway>

<payment_gateway>
    <name>PayPal Do Direct</name>
    <type>paymentGatewayPaypalDoDirect</type>
    <properties>
        <property key="environment">sandbox</property>
        <property key="privateKeyPassword">YOUR_PRIVATE_KEY_PASSWORD</property>
        <property key="APIPassword">YOUR_API_PASSWORD</property>
        <property key="certificateFile">conf//resources//payment//paypal//YOUR_CERT.p12</property>
        <property key="APIUsername">YOUR_API_USERNAME</property>
    </properties>
</payment_gateway>

<payment_gateway>
    <name>PayPal Express</name>
    <type>paymentGatewayPaypalExpress</type>
    <properties>
        <property key="environment">sandbox</property>
        <property key="privateKeyPassword">YOUR_PRIVATE_KEY_PASSWORD</property>
        <property key="APIPassword">YOUR_API_PASSWORD</property>
        <property key="certificateFile">conf//resources//payment//paypal//YOUR_CERT.p12</property>
        <property key="APIUsername">YOUR_API_USERNAME</property>
        <property key="paypalExpressCheckoutURL">https://www.sandbox.paypal.com/cgi-bin/webscr?cmd=_express-checkout&amp;token=</property>
    </properties>
</payment_gateway>

<payment_gateway>
    <name>PayflowPro</name>
    <type>paymentGatewayPayflowPro</type>
    <properties>
        <property key="logFileMaxSize">5</property>
        <property key="proxyPassword"></property>
        <property key="proxyPort"></property>
        <property key="password">YOUR_PASSWORD</property>
        <property key="proxyLogon"></property>
        <property key="partner">Verisign</property>
        <property key="vendor">YOUR_VENDOR</property>
        <property key="logFileName">log/payflow-pro.log</property>
        <property key="hostPort">443</property>
        <property key="hostAddress">pilot-payflowpro.paypal.com</property>
        <property key="proxyAddress"></property>
        <property key="user">YOUR_USERNAME</property>
        <property key="loggingLevel">1</property>
    </properties>
</payment_gateway>
</payment_gateways>